"Part";"Value";"Device";"Package";"Description";"DATASHEET_LINK";"LED_COLOR";"MANUFACTURER";"MANUFACTURER_PN";"PACKAGE";"SUPPLIER";"SUPPLIER_PN";
"C1";"0.1uF";"CAP-JKE";"C050-025X075";"Axial lead, through-hole, general purpose capacitor";"http://www.joeknowselectronics.com/index.php/products/component-kits/capacitor-kit.html";"";"joe Knows Electronics";"n/a";"C050-025X075";"Joe knows Electronics";"n/a";
"C2";"0.1uF";"CAP-JKE";"C050-025X075";"Axial lead, through-hole, general purpose capacitor";"http://www.joeknowselectronics.com/index.php/products/component-kits/capacitor-kit.html";"";"joe Knows Electronics";"n/a";"C050-025X075";"Joe knows Electronics";"n/a";
"C3";"10nF";"CAP-JKE";"C050-025X075";"Axial lead, through-hole, general purpose capacitor";"http://www.joeknowselectronics.com/index.php/products/component-kits/capacitor-kit.html";"";"joe Knows Electronics";"n/a";"C050-025X075";"Joe knows Electronics";"n/a";
"C4";"47nF";"CAP-JKE";"C050-025X075";"Axial lead, through-hole, general purpose capacitor";"http://www.joeknowselectronics.com/index.php/products/component-kits/capacitor-kit.html";"";"joe Knows Electronics";"n/a";"C050-025X075";"Joe knows Electronics";"n/a";
"C5";"10nF";"CAP-JKE";"C050-025X075";"Axial lead, through-hole, general purpose capacitor";"http://www.joeknowselectronics.com/index.php/products/component-kits/capacitor-kit.html";"";"joe Knows Electronics";"n/a";"C050-025X075";"Joe knows Electronics";"n/a";
"C6";"47nF";"CAP-JKE";"C050-025X075";"Axial lead, through-hole, general purpose capacitor";"http://www.joeknowselectronics.com/index.php/products/component-kits/capacitor-kit.html";"";"joe Knows Electronics";"n/a";"C050-025X075";"Joe knows Electronics";"n/a";
"C7";"330pF";"CAP-JKE";"C050-025X075";"Axial lead, through-hole, general purpose capacitor";"http://www.joeknowselectronics.com/index.php/products/component-kits/capacitor-kit.html";"";"joe Knows Electronics";"n/a";"C050-025X075";"Joe knows Electronics";"n/a";
"C8";"330pF";"CAP-JKE";"C050-025X075";"Axial lead, through-hole, general purpose capacitor";"http://www.joeknowselectronics.com/index.php/products/component-kits/capacitor-kit.html";"";"joe Knows Electronics";"n/a";"C050-025X075";"Joe knows Electronics";"n/a";
"C9";"330pF";"CAP-JKE";"C050-025X075";"Axial lead, through-hole, general purpose capacitor";"http://www.joeknowselectronics.com/index.php/products/component-kits/capacitor-kit.html";"";"joe Knows Electronics";"n/a";"C050-025X075";"Joe knows Electronics";"n/a";
"C10";"220pF";"CAP-JKE";"C050-025X075";"Axial lead, through-hole, general purpose capacitor";"http://www.joeknowselectronics.com/index.php/products/component-kits/capacitor-kit.html";"";"joe Knows Electronics";"n/a";"C050-025X075";"Joe knows Electronics";"n/a";
"C13";"6.8nF";"CAP-JKE";"C050-025X075";"Axial lead, through-hole, general purpose capacitor";"http://www.joeknowselectronics.com/index.php/products/component-kits/capacitor-kit.html";"";"joe Knows Electronics";"n/a";"C050-025X075";"Joe knows Electronics";"n/a";
"C14";"10nF";"CAP-JKE";"C050-025X075";"Axial lead, through-hole, general purpose capacitor";"http://www.joeknowselectronics.com/index.php/products/component-kits/capacitor-kit.html";"";"joe Knows Electronics";"n/a";"C050-025X075";"Joe knows Electronics";"n/a";
"C15";"330pF";"CAP-JKE";"C050-025X075";"Axial lead, through-hole, general purpose capacitor";"http://www.joeknowselectronics.com/index.php/products/component-kits/capacitor-kit.html";"";"joe Knows Electronics";"n/a";"C050-025X075";"Joe knows Electronics";"n/a";
"C16";"10nF";"CAP-JKE";"C050-025X075";"Axial lead, through-hole, general purpose capacitor";"http://www.joeknowselectronics.com/index.php/products/component-kits/capacitor-kit.html";"";"joe Knows Electronics";"n/a";"C050-025X075";"Joe knows Electronics";"n/a";
"C17";"330pF";"CAP-JKE";"C050-025X075";"Axial lead, through-hole, general purpose capacitor";"http://www.joeknowselectronics.com/index.php/products/component-kits/capacitor-kit.html";"";"joe Knows Electronics";"n/a";"C050-025X075";"Joe knows Electronics";"n/a";
"C18";"10nF";"CAP-JKE";"C050-025X075";"Axial lead, through-hole, general purpose capacitor";"http://www.joeknowselectronics.com/index.php/products/component-kits/capacitor-kit.html";"";"joe Knows Electronics";"n/a";"C050-025X075";"Joe knows Electronics";"n/a";
"C19";"330pF";"CAP-JKE";"C050-025X075";"Axial lead, through-hole, general purpose capacitor";"http://www.joeknowselectronics.com/index.php/products/component-kits/capacitor-kit.html";"";"joe Knows Electronics";"n/a";"C050-025X075";"Joe knows Electronics";"n/a";
"C33";"0.1uF";"CAP-JKE";"C050-025X075";"Axial lead, through-hole, general purpose capacitor";"http://www.joeknowselectronics.com/index.php/products/component-kits/capacitor-kit.html";"";"joe Knows Electronics";"n/a";"C050-025X075";"Joe knows Electronics";"n/a";
"C34";"4.7nF";"CAP-JKE";"C050-025X075";"Axial lead, through-hole, general purpose capacitor";"http://www.joeknowselectronics.com/index.php/products/component-kits/capacitor-kit.html";"";"joe Knows Electronics";"n/a";"C050-025X075";"Joe knows Electronics";"n/a";
"C35";"2.2uF";"CAP-JKE";"C050-025X075";"Axial lead, through-hole, general purpose capacitor";"http://www.joeknowselectronics.com/index.php/products/component-kits/capacitor-kit.html";"";"joe Knows Electronics";"n/a";"C050-025X075";"Joe knows Electronics";"n/a";
"C36";"2.2uF";"CAP-JKE";"C050-025X075";"Axial lead, through-hole, general purpose capacitor";"http://www.joeknowselectronics.com/index.php/products/component-kits/capacitor-kit.html";"";"joe Knows Electronics";"n/a";"C050-025X075";"Joe knows Electronics";"n/a";
"D1";"GREEN";"LTL-533-11";"LED,THRU-HOLE,R/A";"LED, thru-hole, R/A, green";"http://optoelectronics.liteon.com/upload/download/DS-20-92-0410/S_110_LTL-533-11.pdf";"Green";"Lite-On";"LTL-533-11";"Through-hole LED, R/A";"Digi-Key";"160-1977-ND";
"D2";"YELLOW";"LTL-553-11";"LED,THRU-HOLE,R/A";"LED, thru-hole, R/A, yellow";"http://optoelectronics.liteon.com/upload/download/DS-20-92-0410/S_110_LTL-533-11.pdf";"Yellow";"Lite-On";"LTL-553-11";"Through-hole LED, R/A";"Digi-Key";"160-1978-ND";
"D3";"YELLOW";"LTL-553-11";"LED,THRU-HOLE,R/A";"LED, thru-hole, R/A, yellow";"http://optoelectronics.liteon.com/upload/download/DS-20-92-0410/S_110_LTL-533-11.pdf";"Yellow";"Lite-On";"LTL-553-11";"Through-hole LED, R/A";"Digi-Key";"160-1978-ND";
"D4";"RED";"LTL-523-11";"LED,THRU-HOLE,R/A";"LED, thru-hole, R/A, red";"http://optoelectronics.liteon.com/upload/download/DS-20-92-0410/S_110_LTL-533-11.pdf";"Red";"Lite-On";"LTL-523-11";"Through-hole LED, R/A";"Digi-Key";"160-1976-ND";
"D5";"RED";"LTL-523-11";"LED,THRU-HOLE,R/A";"LED, thru-hole, R/A, red";"http://optoelectronics.liteon.com/upload/download/DS-20-92-0410/S_110_LTL-533-11.pdf";"Red";"Lite-On";"LTL-523-11";"Through-hole LED, R/A";"Digi-Key";"160-1976-ND";
"J1";"PWMH";"PINHD-1X10";"1X10";"PIN HEADER";"http://www.joeknowselectronics.com/index.php/products/headers.html";"";"Joe Knows Electronics";"n/a";"1X10 Header Pin";"Joe Knows Electronics";"n/a";
"J2";"PWMI";"PINHD-1X8";"1X08";"PIN HEADER";"http://www.joeknowselectronics.com/index.php/products/headers.html";"";"Joe Knows Electronics";"n/a";"1X8 Header Pin";"Joe Knows Electronics";"n/a";
"J3";"COMM";"PINHD-1X8";"1X08";"PIN HEADER";"http://www.joeknowselectronics.com/index.php/products/headers.html";"";"Joe Knows Electronics";"n/a";"1X8 Header Pin";"Joe Knows Electronics";"n/a";
"J4";"PWR";"PINHD-1X8";"1X08";"PIN HEADER";"http://www.joeknowselectronics.com/index.php/products/headers.html";"";"Joe Knows Electronics";"n/a";"1X8 Header Pin";"Joe Knows Electronics";"n/a";
"J5";"ADCL";"PINHD-1X8";"1X08";"PIN HEADER";"http://www.joeknowselectronics.com/index.php/products/headers.html";"";"Joe Knows Electronics";"n/a";"1X8 Header Pin";"Joe Knows Electronics";"n/a";
"J6";"ADCH";"PINHD-1X8";"1X08";"PIN HEADER";"http://www.joeknowselectronics.com/index.php/products/headers.html";"";"Joe Knows Electronics";"n/a";"1X8 Header Pin";"Joe Knows Electronics";"n/a";
"J7";"AMPSEAL-23POS-HEADER";"AMPSEAL-23POS-HEADER";"AMPSEAL-HEADER-23POS-RA";"23 position male header, wire-to-board, sealing connector";"http://www.te.com/commerce/DocumentDelivery/DDEController?Action=srchrtrv&DocNm=776087&DocType=Customer+Drawing&DocLang=English";"";"TE Connectivity";"776087-1";"AMPSEAL-HEADER-23POS-RA";"Digi-Key";"A107007-ND";
"J8";"SPI";"PINHD-2X3";"2X03";"PIN HEADER";"http://www.joeknowselectronics.com/index.php/products/headers.html";"";"Joe Knows Electronics";"n/a";"2X03 Header Pin";"Joe Knows Electronics";"n/a";
"J9";"MOLEX-85505-5002";"MOLEX-85505-5002";"85505-5002";"RJ45 Connector, Through-hole, Shielded, Right-angle";"http://www.molex.com/pdm_docs/sd/855055002_sd.pdf";"";"Molx";"855055002";"RJ45, Thru-hole, Shielded, R/A";"Digi-Key";"WM7131CT-ND";
"J10";"MOLEX-85505-5002";"MOLEX-85505-5002";"85505-5002";"RJ45 Connector, Through-hole, Shielded, Right-angle";"http://www.molex.com/pdm_docs/sd/855055002_sd.pdf";"";"Molx";"855055002";"RJ45, Thru-hole, Shielded, R/A";"Digi-Key";"WM7131CT-ND";
"JP1";"SPR_IN1";"PINHD-1X1";"1X01";"PIN HEADER";"http://www.joeknowselectronics.com/index.php/products/headers.html";"";"Joe Knows Electronics";"n/a";"1X1 Header Pin";"Joe Knows Electronics";"n/a";
"JP2";"SPR_IN2";"PINHD-1X1";"1X01";"PIN HEADER";"http://www.joeknowselectronics.com/index.php/products/headers.html";"";"Joe Knows Electronics";"n/a";"1X1 Header Pin";"Joe Knows Electronics";"n/a";
"JP3";"SPR_IN3";"PINHD-1X1";"1X01";"PIN HEADER";"http://www.joeknowselectronics.com/index.php/products/headers.html";"";"Joe Knows Electronics";"n/a";"1X1 Header Pin";"Joe Knows Electronics";"n/a";
"Q1";"PN2222A";"PN2222A";"TO92-EBC";"NPN TRANSISTOR";"https://www.fairchildsemi.com/datasheets/PN/PN2222A.pdf";"";"Fairchild";"PN2222ABU";"TO92";"Digi-Key";"PN2222AFS-ND";
"Q2";"FJPF13009";"FJPF13009";"TO220";"High current NPN transistor";"https://www.fairchildsemi.com/datasheets/FJ/FJPF13009.pdf";"";"Fairchild";"FJPF13009H1TU";"TO220";"Digi-Key";"FJPF13009H1TU-ND";
"Q3";"PN2222A";"PN2222A";"TO92-EBC";"NPN TRANSISTOR";"https://www.fairchildsemi.com/datasheets/PN/PN2222A.pdf";"";"Fairchild";"PN2222ABU";"TO92";"Digi-Key";"PN2222AFS-ND";
"Q4";"PN2222A";"PN2222A";"TO92-EBC";"NPN TRANSISTOR";"https://www.fairchildsemi.com/datasheets/PN/PN2222A.pdf";"";"Fairchild";"PN2222ABU";"TO92";"Digi-Key";"PN2222AFS-ND";
"Q5";"PN2222A";"PN2222A";"TO92-EBC";"NPN TRANSISTOR";"https://www.fairchildsemi.com/datasheets/PN/PN2222A.pdf";"";"Fairchild";"PN2222ABU";"TO92";"Digi-Key";"PN2222AFS-ND";
"Q6";"PN2222A";"PN2222A";"TO92-EBC";"NPN TRANSISTOR";"https://www.fairchildsemi.com/datasheets/PN/PN2222A.pdf";"";"Fairchild";"PN2222ABU";"TO92";"Digi-Key";"PN2222AFS-ND";
"Q7";"ISL9V5036P3_F085";"ISL9V5036P3_F085";"TO220AB";"Ignition coil IGBT";"https://www.fairchildsemi.com/datasheets/IS/ISL9V5036P_F085.pdf";"";"Fairchild";"ISL9V5036P3_F085";"TO220AB";"Digi-Key";"ISL9V5036P3_F085-ND";
"R1";"82Ω";"RES-JKE";"0207/7";"Axial-lead, through hole,1/4W, 1% tolerance, general-purpose resistors";"http://www.joeknowselectronics.com/index.php/products/component-kits/metal-film-resistor-kit.html";"";"Joe Knows Electronics";"n/a";"0207/7";"Joe Knows Electronics";"n/a";
"R2";"180kΩ";"RES-JKE";"0207/7";"Axial-lead, through hole,1/4W, 1% tolerance, general-purpose resistors";"http://www.joeknowselectronics.com/index.php/products/component-kits/metal-film-resistor-kit.html";"";"Joe Knows Electronics";"n/a";"0207/7";"Joe Knows Electronics";"n/a";
"R3";"120kΩ";"RES-JKE";"0207/7";"Axial-lead, through hole,1/4W, 1% tolerance, general-purpose resistors";"http://www.joeknowselectronics.com/index.php/products/component-kits/metal-film-resistor-kit.html";"";"Joe Knows Electronics";"n/a";"0207/7";"Joe Knows Electronics";"n/a";
"R4";"68kΩ";"RES-JKE";"0207/7";"Axial-lead, through hole,1/4W, 1% tolerance, general-purpose resistors";"http://www.joeknowselectronics.com/index.php/products/component-kits/metal-film-resistor-kit.html";"";"Joe Knows Electronics";"n/a";"0207/7";"Joe Knows Electronics";"n/a";
"R5";"3.9kΩ";"RES-JKE";"0207/7";"Axial-lead, through hole,1/4W, 1% tolerance, general-purpose resistors";"http://www.joeknowselectronics.com/index.php/products/component-kits/metal-film-resistor-kit.html";"";"Joe Knows Electronics";"n/a";"0207/7";"Joe Knows Electronics";"n/a";
"R6";"39kΩ";"RES-JKE";"0207/7";"Axial-lead, through hole,1/4W, 1% tolerance, general-purpose resistors";"http://www.joeknowselectronics.com/index.php/products/component-kits/metal-film-resistor-kit.html";"";"Joe Knows Electronics";"n/a";"0207/7";"Joe Knows Electronics";"n/a";
"R7";"330kΩ";"RES-JKE";"0207/7";"Axial-lead, through hole,1/4W, 1% tolerance, general-purpose resistors";"http://www.joeknowselectronics.com/index.php/products/component-kits/metal-film-resistor-kit.html";"";"Joe Knows Electronics";"n/a";"0207/7";"Joe Knows Electronics";"n/a";
"R8";"330kΩ";"RES-JKE";"0207/7";"Axial-lead, through hole,1/4W, 1% tolerance, general-purpose resistors";"http://www.joeknowselectronics.com/index.php/products/component-kits/metal-film-resistor-kit.html";"";"Joe Knows Electronics";"n/a";"0207/7";"Joe Knows Electronics";"n/a";
"R9";"120kΩ";"RES-JKE";"0207/7";"Axial-lead, through hole,1/4W, 1% tolerance, general-purpose resistors";"http://www.joeknowselectronics.com/index.php/products/component-kits/metal-film-resistor-kit.html";"";"Joe Knows Electronics";"n/a";"0207/7";"Joe Knows Electronics";"n/a";
"R10";"56kΩ";"RES-JKE";"0207/7";"Axial-lead, through hole,1/4W, 1% tolerance, general-purpose resistors";"http://www.joeknowselectronics.com/index.php/products/component-kits/metal-film-resistor-kit.html";"";"Joe Knows Electronics";"n/a";"0207/7";"Joe Knows Electronics";"n/a";
"R11";"180kΩ";"RES-JKE";"0207/7";"Axial-lead, through hole,1/4W, 1% tolerance, general-purpose resistors";"http://www.joeknowselectronics.com/index.php/products/component-kits/metal-film-resistor-kit.html";"";"Joe Knows Electronics";"n/a";"0207/7";"Joe Knows Electronics";"n/a";
"R12";"120kΩ";"RES-JKE";"0207/7";"Axial-lead, through hole,1/4W, 1% tolerance, general-purpose resistors";"http://www.joeknowselectronics.com/index.php/products/component-kits/metal-film-resistor-kit.html";"";"Joe Knows Electronics";"n/a";"0207/7";"Joe Knows Electronics";"n/a";
"R13";"68kΩ";"RES-JKE";"0207/7";"Axial-lead, through hole,1/4W, 1% tolerance, general-purpose resistors";"http://www.joeknowselectronics.com/index.php/products/component-kits/metal-film-resistor-kit.html";"";"Joe Knows Electronics";"n/a";"0207/7";"Joe Knows Electronics";"n/a";
"R14";"3.9kΩ";"RES-JKE";"0207/7";"Axial-lead, through hole,1/4W, 1% tolerance, general-purpose resistors";"http://www.joeknowselectronics.com/index.php/products/component-kits/metal-film-resistor-kit.html";"";"Joe Knows Electronics";"n/a";"0207/7";"Joe Knows Electronics";"n/a";
"R15";"39kΩ";"RES-JKE";"0207/7";"Axial-lead, through hole,1/4W, 1% tolerance, general-purpose resistors";"http://www.joeknowselectronics.com/index.php/products/component-kits/metal-film-resistor-kit.html";"";"Joe Knows Electronics";"n/a";"0207/7";"Joe Knows Electronics";"n/a";
"R16";"330kΩ";"RES-JKE";"0207/7";"Axial-lead, through hole,1/4W, 1% tolerance, general-purpose resistors";"http://www.joeknowselectronics.com/index.php/products/component-kits/metal-film-resistor-kit.html";"";"Joe Knows Electronics";"n/a";"0207/7";"Joe Knows Electronics";"n/a";
"R17";"330kΩ";"RES-JKE";"0207/7";"Axial-lead, through hole,1/4W, 1% tolerance, general-purpose resistors";"http://www.joeknowselectronics.com/index.php/products/component-kits/metal-film-resistor-kit.html";"";"Joe Knows Electronics";"n/a";"0207/7";"Joe Knows Electronics";"n/a";
"R18";"120kΩ";"RES-JKE";"0207/7";"Axial-lead, through hole,1/4W, 1% tolerance, general-purpose resistors";"http://www.joeknowselectronics.com/index.php/products/component-kits/metal-film-resistor-kit.html";"";"Joe Knows Electronics";"n/a";"0207/7";"Joe Knows Electronics";"n/a";
"R19";"56kΩ";"RES-JKE";"0207/7";"Axial-lead, through hole,1/4W, 1% tolerance, general-purpose resistors";"http://www.joeknowselectronics.com/index.php/products/component-kits/metal-film-resistor-kit.html";"";"Joe Knows Electronics";"n/a";"0207/7";"Joe Knows Electronics";"n/a";
"R20";"180kΩ";"RES-JKE";"0207/7";"Axial-lead, through hole,1/4W, 1% tolerance, general-purpose resistors";"http://www.joeknowselectronics.com/index.php/products/component-kits/metal-film-resistor-kit.html";"";"Joe Knows Electronics";"n/a";"0207/7";"Joe Knows Electronics";"n/a";
"R21";"120kΩ";"RES-JKE";"0207/7";"Axial-lead, through hole,1/4W, 1% tolerance, general-purpose resistors";"http://www.joeknowselectronics.com/index.php/products/component-kits/metal-film-resistor-kit.html";"";"Joe Knows Electronics";"n/a";"0207/7";"Joe Knows Electronics";"n/a";
"R22";"1.2kΩ";"RES-JKE";"0207/7";"Axial-lead, through hole,1/4W, 1% tolerance, general-purpose resistors";"http://www.joeknowselectronics.com/index.php/products/component-kits/metal-film-resistor-kit.html";"";"Joe Knows Electronics";"n/a";"0207/7";"Joe Knows Electronics";"n/a";
"R23";"150Ω";"RES-JKE";"0207/7";"Axial-lead, through hole,1/4W, 1% tolerance, general-purpose resistors";"http://www.joeknowselectronics.com/index.php/products/component-kits/metal-film-resistor-kit.html";"";"Joe Knows Electronics";"n/a";"0207/7";"Joe Knows Electronics";"n/a";
"R24";"150Ω";"RES-JKE";"0207/7";"Axial-lead, through hole,1/4W, 1% tolerance, general-purpose resistors";"http://www.joeknowselectronics.com/index.php/products/component-kits/metal-film-resistor-kit.html";"";"Joe Knows Electronics";"n/a";"0207/7";"Joe Knows Electronics";"n/a";
"R25";"1.2kΩ";"RES-JKE";"0207/7";"Axial-lead, through hole,1/4W, 1% tolerance, general-purpose resistors";"http://www.joeknowselectronics.com/index.php/products/component-kits/metal-film-resistor-kit.html";"";"Joe Knows Electronics";"n/a";"0207/7";"Joe Knows Electronics";"n/a";
"R26";"150Ω";"RES-JKE";"0207/7";"Axial-lead, through hole,1/4W, 1% tolerance, general-purpose resistors";"http://www.joeknowselectronics.com/index.php/products/component-kits/metal-film-resistor-kit.html";"";"Joe Knows Electronics";"n/a";"0207/7";"Joe Knows Electronics";"n/a";
"R27";"1.2kΩ";"RES-JKE";"0207/7";"Axial-lead, through hole,1/4W, 1% tolerance, general-purpose resistors";"http://www.joeknowselectronics.com/index.php/products/component-kits/metal-film-resistor-kit.html";"";"Joe Knows Electronics";"n/a";"0207/7";"Joe Knows Electronics";"n/a";
"R28";"150Ω";"RES-JKE";"0207/7";"Axial-lead, through hole,1/4W, 1% tolerance, general-purpose resistors";"http://www.joeknowselectronics.com/index.php/products/component-kits/metal-film-resistor-kit.html";"";"Joe Knows Electronics";"n/a";"0207/7";"Joe Knows Electronics";"n/a";
"R29";"1.2kΩ";"RES-JKE";"0207/7";"Axial-lead, through hole,1/4W, 1% tolerance, general-purpose resistors";"http://www.joeknowselectronics.com/index.php/products/component-kits/metal-film-resistor-kit.html";"";"Joe Knows Electronics";"n/a";"0207/7";"Joe Knows Electronics";"n/a";
"R30";"150Ω";"RES-JKE";"0207/7";"Axial-lead, through hole,1/4W, 1% tolerance, general-purpose resistors";"http://www.joeknowselectronics.com/index.php/products/component-kits/metal-film-resistor-kit.html";"";"Joe Knows Electronics";"n/a";"0207/7";"Joe Knows Electronics";"n/a";
"R31";"10mΩ";"VISHAY_DALE-LVR03R0100FE70";"0514/15";"Precision 0.1% tolerance current-sensing resistor. Axial-lead, 10mΩ";"http://www.vishay.com/docs/30206/lvr.pdf";"";"Vishay Dale";"LVR03R0100FE70";"14mm X 5.2mm axial";"Digi-Key";"LVRB-.01RCT-ND";
"R32";"10mΩ";"VISHAY_DALE-LVR03R0100FE70";"0514/15";"Precision 0.1% tolerance current-sensing resistor. Axial-lead, 10mΩ";"http://www.vishay.com/docs/30206/lvr.pdf";"";"Vishay Dale";"LVR03R0100FE70";"14mm X 5.2mm axial";"Digi-Key";"LVRB-.01RCT-ND";
"R33";"56Ω";"RES-JKE";"0207/7";"Axial-lead, through hole,1/4W, 1% tolerance, general-purpose resistors";"http://www.joeknowselectronics.com/index.php/products/component-kits/metal-film-resistor-kit.html";"";"Joe Knows Electronics";"n/a";"0207/7";"Joe Knows Electronics";"n/a";
"R34";"3.9Ω";"RES-JKE";"0207/7";"Axial-lead, through hole,1/4W, 1% tolerance, general-purpose resistors";"http://www.joeknowselectronics.com/index.php/products/component-kits/metal-film-resistor-kit.html";"";"Joe Knows Electronics";"n/a";"0207/7";"Joe Knows Electronics";"n/a";
"R35";"56Ω";"RES-JKE";"0207/7";"Axial-lead, through hole,1/4W, 1% tolerance, general-purpose resistors";"http://www.joeknowselectronics.com/index.php/products/component-kits/metal-film-resistor-kit.html";"";"Joe Knows Electronics";"n/a";"0207/7";"Joe Knows Electronics";"n/a";
"R36";"3.9Ω";"RES-JKE";"0207/7";"Axial-lead, through hole,1/4W, 1% tolerance, general-purpose resistors";"http://www.joeknowselectronics.com/index.php/products/component-kits/metal-film-resistor-kit.html";"";"Joe Knows Electronics";"n/a";"0207/7";"Joe Knows Electronics";"n/a";
"R37";"680Ω";"RES-JKE";"0207/7";"Axial-lead, through hole,1/4W, 1% tolerance, general-purpose resistors";"http://www.joeknowselectronics.com/index.php/products/component-kits/metal-film-resistor-kit.html";"";"Joe Knows Electronics";"n/a";"0207/7";"Joe Knows Electronics";"n/a";
"R38";"680Ω";"RES-JKE";"0207/7";"Axial-lead, through hole,1/4W, 1% tolerance, general-purpose resistors";"http://www.joeknowselectronics.com/index.php/products/component-kits/metal-film-resistor-kit.html";"";"Joe Knows Electronics";"n/a";"0207/7";"Joe Knows Electronics";"n/a";
"R39";"470Ω";"RES-JKE";"0207/7";"Axial-lead, through hole,1/4W, 1% tolerance, general-purpose resistors";"http://www.joeknowselectronics.com/index.php/products/component-kits/metal-film-resistor-kit.html";"";"Joe Knows Electronics";"n/a";"0207/7";"Joe Knows Electronics";"n/a";
"R40";"1kΩ";"RES-JKE";"0207/7";"Axial-lead, through hole,1/4W, 1% tolerance, general-purpose resistors";"http://www.joeknowselectronics.com/index.php/products/component-kits/metal-film-resistor-kit.html";"";"Joe Knows Electronics";"n/a";"0207/7";"Joe Knows Electronics";"n/a";
"R41";"2.7kΩ";"RES-JKE";"0207/7";"Axial-lead, through hole,1/4W, 1% tolerance, general-purpose resistors";"http://www.joeknowselectronics.com/index.php/products/component-kits/metal-film-resistor-kit.html";"";"Joe Knows Electronics";"n/a";"0207/7";"Joe Knows Electronics";"n/a";
"R64";"220Ω";"RES-JKE";"0207/7";"Axial-lead, through hole,1/4W, 1% tolerance, general-purpose resistors";"http://www.joeknowselectronics.com/index.php/products/component-kits/metal-film-resistor-kit.html";"";"Joe Knows Electronics";"n/a";"0207/7";"Joe Knows Electronics";"n/a";
"R65";"390Ω";"RES-JKE";"0207/7";"Axial-lead, through hole,1/4W, 1% tolerance, general-purpose resistors";"http://www.joeknowselectronics.com/index.php/products/component-kits/metal-film-resistor-kit.html";"";"Joe Knows Electronics";"n/a";"0207/7";"Joe Knows Electronics";"n/a";
"R66";"68kΩ";"RES-JKE";"0207/7";"Axial-lead, through hole,1/4W, 1% tolerance, general-purpose resistors";"http://www.joeknowselectronics.com/index.php/products/component-kits/metal-film-resistor-kit.html";"";"Joe Knows Electronics";"n/a";"0207/7";"Joe Knows Electronics";"n/a";
"R67";"3.9kΩ";"RES-JKE";"0207/7";"Axial-lead, through hole,1/4W, 1% tolerance, general-purpose resistors";"http://www.joeknowselectronics.com/index.php/products/component-kits/metal-film-resistor-kit.html";"";"Joe Knows Electronics";"n/a";"0207/7";"Joe Knows Electronics";"n/a";
"R68";"39kΩ";"RES-JKE";"0207/7";"Axial-lead, through hole,1/4W, 1% tolerance, general-purpose resistors";"http://www.joeknowselectronics.com/index.php/products/component-kits/metal-film-resistor-kit.html";"";"Joe Knows Electronics";"n/a";"0207/7";"Joe Knows Electronics";"n/a";
"R69";"82kΩ";"RES-JKE";"0207/7";"Axial-lead, through hole,1/4W, 1% tolerance, general-purpose resistors";"http://www.joeknowselectronics.com/index.php/products/component-kits/metal-film-resistor-kit.html";"";"Joe Knows Electronics";"n/a";"0207/7";"Joe Knows Electronics";"n/a";
"R70";"82kΩ";"RES-JKE";"0207/7";"Axial-lead, through hole,1/4W, 1% tolerance, general-purpose resistors";"http://www.joeknowselectronics.com/index.php/products/component-kits/metal-film-resistor-kit.html";"";"Joe Knows Electronics";"n/a";"0207/7";"Joe Knows Electronics";"n/a";
"R71";"120kΩ";"RES-JKE";"0207/7";"Axial-lead, through hole,1/4W, 1% tolerance, general-purpose resistors";"http://www.joeknowselectronics.com/index.php/products/component-kits/metal-film-resistor-kit.html";"";"Joe Knows Electronics";"n/a";"0207/7";"Joe Knows Electronics";"n/a";
"R72";"56kΩ";"RES-JKE";"0207/7";"Axial-lead, through hole,1/4W, 1% tolerance, general-purpose resistors";"http://www.joeknowselectronics.com/index.php/products/component-kits/metal-film-resistor-kit.html";"";"Joe Knows Electronics";"n/a";"0207/7";"Joe Knows Electronics";"n/a";
"R73";"180kΩ";"RES-JKE";"0207/7";"Axial-lead, through hole,1/4W, 1% tolerance, general-purpose resistors";"http://www.joeknowselectronics.com/index.php/products/component-kits/metal-film-resistor-kit.html";"";"Joe Knows Electronics";"n/a";"0207/7";"Joe Knows Electronics";"n/a";
"R74";"120kΩ";"RES-JKE";"0207/7";"Axial-lead, through hole,1/4W, 1% tolerance, general-purpose resistors";"http://www.joeknowselectronics.com/index.php/products/component-kits/metal-film-resistor-kit.html";"";"Joe Knows Electronics";"n/a";"0207/7";"Joe Knows Electronics";"n/a";
"R75";"68kΩ";"RES-JKE";"0207/7";"Axial-lead, through hole,1/4W, 1% tolerance, general-purpose resistors";"http://www.joeknowselectronics.com/index.php/products/component-kits/metal-film-resistor-kit.html";"";"Joe Knows Electronics";"n/a";"0207/7";"Joe Knows Electronics";"n/a";
"R76";"3.9kΩ";"RES-JKE";"0207/7";"Axial-lead, through hole,1/4W, 1% tolerance, general-purpose resistors";"http://www.joeknowselectronics.com/index.php/products/component-kits/metal-film-resistor-kit.html";"";"Joe Knows Electronics";"n/a";"0207/7";"Joe Knows Electronics";"n/a";
"R77";"39kΩ";"RES-JKE";"0207/7";"Axial-lead, through hole,1/4W, 1% tolerance, general-purpose resistors";"http://www.joeknowselectronics.com/index.php/products/component-kits/metal-film-resistor-kit.html";"";"Joe Knows Electronics";"n/a";"0207/7";"Joe Knows Electronics";"n/a";
"R78";"82kΩ";"RES-JKE";"0207/7";"Axial-lead, through hole,1/4W, 1% tolerance, general-purpose resistors";"http://www.joeknowselectronics.com/index.php/products/component-kits/metal-film-resistor-kit.html";"";"Joe Knows Electronics";"n/a";"0207/7";"Joe Knows Electronics";"n/a";
"R79";"82kΩ";"RES-JKE";"0207/7";"Axial-lead, through hole,1/4W, 1% tolerance, general-purpose resistors";"http://www.joeknowselectronics.com/index.php/products/component-kits/metal-film-resistor-kit.html";"";"Joe Knows Electronics";"n/a";"0207/7";"Joe Knows Electronics";"n/a";
"R80";"120kΩ";"RES-JKE";"0207/7";"Axial-lead, through hole,1/4W, 1% tolerance, general-purpose resistors";"http://www.joeknowselectronics.com/index.php/products/component-kits/metal-film-resistor-kit.html";"";"Joe Knows Electronics";"n/a";"0207/7";"Joe Knows Electronics";"n/a";
"R81";"56kΩ";"RES-JKE";"0207/7";"Axial-lead, through hole,1/4W, 1% tolerance, general-purpose resistors";"http://www.joeknowselectronics.com/index.php/products/component-kits/metal-film-resistor-kit.html";"";"Joe Knows Electronics";"n/a";"0207/7";"Joe Knows Electronics";"n/a";
"R82";"180kΩ";"RES-JKE";"0207/7";"Axial-lead, through hole,1/4W, 1% tolerance, general-purpose resistors";"http://www.joeknowselectronics.com/index.php/products/component-kits/metal-film-resistor-kit.html";"";"Joe Knows Electronics";"n/a";"0207/7";"Joe Knows Electronics";"n/a";
"R83";"120kΩ";"RES-JKE";"0207/7";"Axial-lead, through hole,1/4W, 1% tolerance, general-purpose resistors";"http://www.joeknowselectronics.com/index.php/products/component-kits/metal-film-resistor-kit.html";"";"Joe Knows Electronics";"n/a";"0207/7";"Joe Knows Electronics";"n/a";
"R84";"68kΩ";"RES-JKE";"0207/7";"Axial-lead, through hole,1/4W, 1% tolerance, general-purpose resistors";"http://www.joeknowselectronics.com/index.php/products/component-kits/metal-film-resistor-kit.html";"";"Joe Knows Electronics";"n/a";"0207/7";"Joe Knows Electronics";"n/a";
"R85";"3.9kΩ";"RES-JKE";"0207/7";"Axial-lead, through hole,1/4W, 1% tolerance, general-purpose resistors";"http://www.joeknowselectronics.com/index.php/products/component-kits/metal-film-resistor-kit.html";"";"Joe Knows Electronics";"n/a";"0207/7";"Joe Knows Electronics";"n/a";
"R86";"39kΩ";"RES-JKE";"0207/7";"Axial-lead, through hole,1/4W, 1% tolerance, general-purpose resistors";"http://www.joeknowselectronics.com/index.php/products/component-kits/metal-film-resistor-kit.html";"";"Joe Knows Electronics";"n/a";"0207/7";"Joe Knows Electronics";"n/a";
"R87";"82kΩ";"RES-JKE";"0207/7";"Axial-lead, through hole,1/4W, 1% tolerance, general-purpose resistors";"http://www.joeknowselectronics.com/index.php/products/component-kits/metal-film-resistor-kit.html";"";"Joe Knows Electronics";"n/a";"0207/7";"Joe Knows Electronics";"n/a";
"R88";"82kΩ";"RES-JKE";"0207/7";"Axial-lead, through hole,1/4W, 1% tolerance, general-purpose resistors";"http://www.joeknowselectronics.com/index.php/products/component-kits/metal-film-resistor-kit.html";"";"Joe Knows Electronics";"n/a";"0207/7";"Joe Knows Electronics";"n/a";
"R89";"120kΩ";"RES-JKE";"0207/7";"Axial-lead, through hole,1/4W, 1% tolerance, general-purpose resistors";"http://www.joeknowselectronics.com/index.php/products/component-kits/metal-film-resistor-kit.html";"";"Joe Knows Electronics";"n/a";"0207/7";"Joe Knows Electronics";"n/a";
"R90";"56kΩ";"RES-JKE";"0207/7";"Axial-lead, through hole,1/4W, 1% tolerance, general-purpose resistors";"http://www.joeknowselectronics.com/index.php/products/component-kits/metal-film-resistor-kit.html";"";"Joe Knows Electronics";"n/a";"0207/7";"Joe Knows Electronics";"n/a";
"SW1";"CTS-204-211ST";"CTS-204-211ST";"204-211ST";"DPST, SMD switch";"http://www.ctscorp.com/components/Datasheets/204.pdf";"";"CTS";"204-211ST";"SMD-4, Gull-Wing";"Digi-Key";"CT204211ST-ND";
"TP1";"+12V";"TEST-POINT";"TP-P1-20";"Thru-hole test point";"";"";"";"";"";"";"";
"TP2";"+5V";"TEST-POINT";"TP-P1-20";"Thru-hole test point";"";"";"";"";"";"";"";
"TP3";"+3V3";"TEST-POINT";"TP-P1-20";"Thru-hole test point";"";"";"";"";"";"";"";
"TP4";"GND";"TEST-POINT";"TP-P1-20";"Thru-hole test point";"";"";"";"";"";"";"";
"TP5";"GND";"TEST-POINT";"TP-P1-20";"Thru-hole test point";"";"";"";"";"";"";"";
"TP6";"GND";"TEST-POINT";"TP-P1-20";"Thru-hole test point";"";"";"";"";"";"";"";
"TP7";"KILL_SW";"TEST-POINT";"TP-P1-20";"Thru-hole test point";"";"";"";"";"";"";"";
"TP8";"KILL_SW_3V3";"TEST-POINT";"TP-P1-20";"Thru-hole test point";"";"";"";"";"";"";"";
"TP10";"MOSI_3V3";"TEST-POINT";"TP-P1-20";"Thru-hole test point";"";"";"";"";"";"";"";
"TP11";"MISO_3V3";"TEST-POINT";"TP-P1-20";"Thru-hole test point";"";"";"";"";"";"";"";
"TP12";"SCK_3V3";"TEST-POINT";"TP-P1-20";"Thru-hole test point";"";"";"";"";"";"";"";
"TP13";"CS1_3V3";"TEST-POINT";"TP-P1-20";"Thru-hole test point";"";"";"";"";"";"";"";
"TP14";"HALL";"TEST-POINT";"TP-P1-20";"Thru-hole test point";"";"";"";"";"";"";"";
"TP15";"ECT";"TEST-POINT";"TP-P1-20";"Thru-hole test point";"";"";"";"";"";"";"";
"TP16";"FUEL";"TEST-POINT";"TP-P1-20";"Thru-hole test point";"";"";"";"";"";"";"";
"TP17";"FUEL_E";"TEST-POINT";"TP-P1-20";"Thru-hole test point";"";"";"";"";"";"";"";
"TP18";"SPARK";"TEST-POINT";"TP-P1-20";"Thru-hole test point";"";"";"";"";"";"";"";
"TP19";"SPARK_E";"TEST-POINT";"TP-P1-20";"Thru-hole test point";"";"";"";"";"";"";"";
"TP20";"ECT_FIL";"TEST-POINT";"TP-P1-20";"Thru-hole test point";"";"";"";"";"";"";"";
"TP21";"IAT";"TEST-POINT";"TP-P1-20";"Thru-hole test point";"";"";"";"";"";"";"";
"TP22";"IAT_FIL";"TEST-POINT";"TP-P1-20";"Thru-hole test point";"";"";"";"";"";"";"";
"TP23";"MAP";"TEST-POINT";"TP-P1-20";"Thru-hole test point";"";"";"";"";"";"";"";
"TP24";"MAP_FIL";"TEST-POINT";"TP-P1-20";"Thru-hole test point";"";"";"";"";"";"";"";
"TP25";"O2";"TEST-POINT";"TP-P1-20";"Thru-hole test point";"";"";"";"";"";"";"";
"TP26";"O2_FIL";"TEST-POINT";"TP-P1-20";"Thru-hole test point";"";"";"";"";"";"";"";
"TP27";"TPS";"TEST-POINT";"TP-P1-20";"Thru-hole test point";"";"";"";"";"";"";"";
"TP28";"TPS_FIL";"TEST-POINT";"TP-P1-20";"Thru-hole test point";"";"";"";"";"";"";"";
"TP36";"MOSI_5V";"TEST-POINT";"TP-P1-20";"Thru-hole test point";"";"";"";"";"";"";"";
"TP37";"SCK_5V";"TEST-POINT";"TP-P1-20";"Thru-hole test point";"";"";"";"";"";"";"";
"TP38";"MISO_5V";"TEST-POINT";"TP-P1-20";"Thru-hole test point";"";"";"";"";"";"";"";
"TP39";"CS1_5V";"TEST-POINT";"TP-P1-20";"Thru-hole test point";"";"";"";"";"";"";"";
"TP44";"CANH";"TEST-POINT";"TP-P1-20";"Thru-hole test point";"";"";"";"";"";"";"";
"TP45";"CANL";"TEST-POINT";"TP-P1-20";"Thru-hole test point";"";"";"";"";"";"";"";
"TP46";"CAN_TX";"TEST-POINT";"TP-P1-20";"Thru-hole test point";"";"";"";"";"";"";"";
"TP47";"CAN_RX";"TEST-POINT";"TP-P1-20";"Thru-hole test point";"";"";"";"";"";"";"";
"TP48";"SPARK_LED";"TEST-POINT";"TP-P1-20";"Thru-hole test point";"";"";"";"";"";"";"";
"TP49";"FUEL_LED";"TEST-POINT";"TP-P1-20";"Thru-hole test point";"";"";"";"";"";"";"";
"TP50";"REV_LIMIT_LED";"TEST-POINT";"TP-P1-20";"Thru-hole test point";"";"";"";"";"";"";"";
"TP51";"KILL_SW_LED";"TEST-POINT";"TP-P1-20";"Thru-hole test point";"";"";"";"";"";"";"";
"U1";"TXS0104E";"TXS0104ED";"SOIC127P600X175-14N";"4-BIT BIDIRECTIONAL VOLTAGE-LEVEL TRANSLATOR  FOR OPEN-DRAIN AND PUSH-PULL APPLICATIONS";"http://www.ti.com/lit/ds/symlink/txs0104e.pdf";"";"Texas Instruments";"TXS0104EDR";"SOIC-14";"Digi-Key";"296-20696-1-ND";
"U2";"LM358";"LM358";"SOP08";"Dual single-supply, general purpose op-amps";"http://www.ti.com/lit/ds/symlink/lm158-n.pdf";"";"Texas Instruments";"LM3358";"8-SOIC";"Digi-Key";"296-1014-2-ND";
"U5";"LM358";"LM358";"SOP08";"Dual single-supply, general purpose op-amps";"http://www.ti.com/lit/ds/symlink/lm158-n.pdf";"";"Texas Instruments";"LM3358";"8-SOIC";"Digi-Key";"296-1014-2-ND";
"U7";"LM358";"LM358";"SOP08";"Dual single-supply, general purpose op-amps";"http://www.ti.com/lit/ds/symlink/lm158-n.pdf";"";"Texas Instruments";"LM3358";"8-SOIC";"Digi-Key";"296-1014-2-ND";
"U8";"LM358";"LM358";"SOP08";"Dual single-supply, general purpose op-amps";"http://www.ti.com/lit/ds/symlink/lm158-n.pdf";"";"Texas Instruments";"LM3358";"8-SOIC";"Digi-Key";"296-1014-2-ND";
"U9";"LM358";"LM358";"SOP08";"Dual single-supply, general purpose op-amps";"http://www.ti.com/lit/ds/symlink/lm158-n.pdf";"";"Texas Instruments";"LM3358";"8-SOIC";"Digi-Key";"296-1014-2-ND";
"U10";"MCP2551-I/SN";"MCP2551-I/SN";"SOIC127P600X175-8N";"High-Speed CAN Transceiver";"http://ww1.microchip.com/downloads/en/DeviceDoc/21667f.pdf";"";"Microchip";"MCP2551-I/SN";"SOIC-8";"Digi-Key";"MCP2551-I/SN-ND";
